batch ID	vep_vcfs	vep_vcfs ID
c18_08	ukb24308_c18_part08_vep_input_file_ids.txt	file-J1gxXqQJZz4gyqz0fZ5Gxp4g
c18_07	ukb24308_c18_part07_vep_input_file_ids.txt	file-J1gxXq8JZz4YFQbX8f91Q5ZY
c18_06	ukb24308_c18_part06_vep_input_file_ids.txt	file-J1gxXq0JZz4yFPxxY0vZVb7G
c18_05	ukb24308_c18_part05_vep_input_file_ids.txt	file-J1gxXpjJZz4gyqz0fZ5Gxp4Z
c18_04	ukb24308_c18_part04_vep_input_file_ids.txt	file-J1gxXpQJZz4gG7ggY6G79jPj
c18_03	ukb24308_c18_part03_vep_input_file_ids.txt	file-J1gxXpQJZz4Q600VF8J4ykX2
c18_02	ukb24308_c18_part02_vep_input_file_ids.txt	file-J1gxXp8JZz4g1XxbjkZ6fkB7
c18_01	ukb24308_c18_part01_vep_input_file_ids.txt	file-J1gxXp0JZz4gG7ggY6G79jPf
c18_00	ukb24308_c18_part00_vep_input_file_ids.txt	file-J1gxXkjJZz4x4K0y1gpj2ZYK
